Sample name	Tool	BA1
sample1	freyja	0.681355
sample2	freyja	0.536109
sample3	freyja	0.645686
sample4	freyja	0.294218
sample5	freyja	0.715661
sample1	lineagespot	0.1904761905
sample2	lineagespot	0.04761904762
sample3	lineagespot	0.1587301587
sample4	lineagespot	0.07936507937
sample5	lineagespot	0.2222222222
sample1	cojac	0.7777777778
sample2	cojac	0.5935596171
sample3	cojac	0.7001779359
sample4	cojac	0.3188405797
sample5	cojac	0.6724137931